residue identified,residue number,dDIHE
ILE1,1,0.7746111
GLU2,2,0.44704187
GLU3,3,-0.38102806
GLY4,4,0.49070588
LYS5,5,-0.18906713
LEU6,6,-0.010564089
VAL7,7,0.13212013
ILE8,8,0.04362154
TRP9,9,0.8840592
ILE10,10,-0.07704532
ASN11,11,0.11807823
GLY12,12,0.03276813
ASP13,13,0.005412698
LYS14,14,-0.06430185
GLY15,15,-0.012517452
TYR16,16,-0.051045477
ASN17,17,0.0074087977
GLY18,18,0.001832962
LEU19,19,-0.0031360388
ALA20,20,0.008578062
GLU21,21,-0.0056387186
VAL22,22,0.0051631927
GLY23,23,-0.015435576
LYS24,24,0.009347856
LYS25,25,-0.007637024
PHE26,26,0.0034026504
GLU27,27,0.0030267239
LYS28,28,0.0025876164
ASP29,29,-0.036844164
THR30,30,0.028663158
GLY31,31,0.05454874
ILE32,32,-0.021212816
LYS33,33,-0.0240798
VAL34,34,0.062187433
THR35,35,0.0062732697
VAL36,36,0.42316005
GLU37,37,0.14018965
HIS38,38,0.029792428
PRO39,39,-0.09041643
ASP40,40,-0.13026665
LYS41,41,-0.9515383
LEU42,42,-0.035283804
GLU43,43,-0.0392254
GLU44,44,-0.055783093
LYS45,45,-0.08506036
PHE46,46,-0.016445816
PRO47,47,0.0016171932
GLN48,48,0.12229031
VAL49,49,-0.08513415
ALA50,50,-0.01832962
ALA51,51,-0.02730161
THR52,52,0.011988282
GLY53,53,-0.16192639
ASP54,54,-0.061278224
GLY55,55,0.13915241
PRO56,56,-0.11612725
ASP57,57,0.019702405
ILE58,58,-0.00379467
ILE59,59,0.033725977
PHE60,60,0.027813196
TRP61,61,0.10396564
ALA62,62,-0.20841742
HIS63,63,-0.10971367
ASP64,64,-0.018523335
ARG65,65,-0.009983778
PHE66,66,0.06897879
GLY67,67,-0.013355017
GLY68,68,0.008252263
TYR69,69,0.018422246
ALA70,70,0.012498856
GLN71,71,-0.025987327
SER72,72,-0.0006661415
GLY73,73,-0.0058677197
LEU74,74,-0.069898486
LEU75,75,-0.11600661
ALA76,76,0.074620485
GLU77,77,-2.0458467
ILE78,78,-0.51896065
THR79,79,0.058272123
PRO80,80,0.18192518
ASP81,81,-0.089570284
LYS82,82,-0.020684183
ALA83,83,-0.005230844
PHE84,84,-0.016990423
GLN85,85,-0.03538108
ASP86,86,0.056747794
LYS87,87,0.04612589
LEU88,88,-0.035068154
TYR89,89,0.02150631
PRO90,90,-0.020988464
PHE91,91,0.12203592
THR92,92,0.090130925
TRP93,93,0.071670294
ASP94,94,0.05083865
ALA95,95,0.004167676
VAL96,96,0.00054323673
ARG97,97,-1.1195794
TYR98,98,-0.099183224
ASN99,99,0.06645435
GLY100,100,-0.04973197
LYS101,101,0.034012318
LEU102,102,0.55385387
ILE103,103,-0.061241537
ALA104,104,0.011679292
TYR105,105,0.07746363
PRO106,106,0.03166628
ILE107,107,0.18527302
ALA108,108,-0.46539092
VAL109,109,-0.37090778
GLU110,110,-0.07947731
ALA111,111,0.20269418
LEU112,112,-0.6446154
SER113,113,0.16042292
LEU114,114,0.022230387
ILE115,115,-0.3965757
TYR116,116,-0.0064029694
ASN117,117,0.0074443817
LYS118,118,0.0015640259
ASP119,119,0.003920436
LEU120,120,0.0040869415
LEU121,121,-0.28431714
PRO122,122,0.021756321
ASN123,123,0.01915598
PRO124,124,-0.00055110455
PRO125,125,-0.06322551
LYS126,126,-0.09028232
THR127,127,0.021433115
TRP128,128,-0.0011147261
GLU129,129,0.009613037
GLU130,130,0.005060196
ILE131,131,0.06097448
PRO132,132,-0.023092866
ALA133,133,0.042827725
LEU134,134,0.09647131
ASP135,135,0.15491885
LYS136,136,-0.010240138
GLU137,137,-0.00034862757
LEU138,138,-0.13968182
LYS139,139,0.01408875
ALA140,140,-0.02400285
LYS141,141,0.054332018
GLY142,142,-0.0045411587
LYS143,143,0.029354572
SER144,144,-0.010546923
ALA145,145,-0.00037703663
LEU146,146,-0.033358455
MET147,147,0.0077791214
PHE148,148,-0.018689752
ASN149,149,-0.43045056
LEU150,150,0.031953335
GLN151,151,-0.082882226
GLU152,152,0.13959002
PRO153,153,-0.02266848
TYR154,154,0.009932816
PHE155,155,-0.010601521
THR156,156,0.015198231
TRP157,157,-0.017498136
PRO158,158,0.019584894
LEU159,159,-0.027813315
ILE160,160,0.014823198
ALA161,161,0.0010224581
ALA162,162,-0.2537629
ASP163,163,0.57543254
GLY164,164,-0.2192092
GLY165,165,-0.16503
TYR166,166,1.0017837
ALA167,167,-0.23782146
PHE168,168,0.13189256
LYS169,169,0.02903223
TYR170,170,-0.10160899
GLU171,171,-0.13375056
ASN172,172,0.006527245
GLY173,173,0.14477706
LYS174,174,-0.019674778
TYR175,175,-0.41282868
ASP176,176,0.43639207
ILE177,177,0.022081673
LYS178,178,-0.05676198
ASP179,179,0.17608464
VAL180,180,0.7696943
GLY181,181,0.10931063
VAL182,182,0.083526015
ASP183,183,-0.07981801
ASN184,184,0.120542645
ALA185,185,0.051346898
GLY186,186,-0.041890025
ALA187,187,0.0022163987
LYS188,188,0.015725255
ALA189,189,0.024648428
GLY190,190,-0.0039583445
LEU191,191,0.0002387762
THR192,192,0.020415187
PHE193,193,0.017284155
LEU194,194,-0.012724876
VAL195,195,-0.0055503845
ASP196,196,0.010131121
LEU197,197,-0.0079472065
ILE198,198,0.005176842
LYS199,199,0.009053886
ASN200,200,-0.018658161
LYS201,201,-0.029680014
HIS202,202,0.04815282
MET203,203,0.035185575
ASN204,204,0.031248093
ALA205,205,-0.0540334
ASP206,206,0.035990953
THR207,207,-0.4430306
ASP208,208,-0.027177691
TYR209,209,-0.02946508
SER210,210,0.014925063
ILE211,211,0.011280477
ALA212,212,-0.013646662
GLU213,213,-0.01978749
ALA214,214,0.037816286
ALA215,215,-0.00554502
PHE216,216,0.014049113
ASN217,217,-0.020566821
LYS218,218,0.0035786629
GLY219,219,0.014789104
GLU220,220,-0.013126016
THR221,221,0.011622429
ALA222,222,0.008202493
MET223,223,1.3492409
THR224,224,0.086535454
ILE225,225,0.14352036
ASN226,226,-0.14725173
GLY227,227,-0.033474088
PRO228,228,0.011614919
TRP229,229,-0.043328285
ALA230,230,0.07991648
TRP231,231,-0.123173416
SER232,232,-0.006424606
ASN233,233,-0.03453344
ILE234,234,0.006138861
ASP235,235,0.009290636
THR236,236,0.033882022
SER237,237,-0.00528121
LYS238,238,-0.020190477
VAL239,239,-0.043346882
ASN240,240,-0.16300917
TYR241,241,0.11305165
GLY242,242,-0.033538103
VAL243,243,0.0245862
THR244,244,0.016596794
VAL245,245,-0.090047
LEU246,246,0.019713402
PRO247,247,0.02985704
THR248,248,0.03861761
PHE249,249,0.017347798
LYS250,250,-0.021514893
GLY251,251,0.033512115
GLN252,252,0.029590368
PRO253,253,-0.080460906
SER254,254,-0.004205227
LYS255,255,0.71307623
PRO256,256,0.1804179
PHE257,257,0.034548283
VAL258,258,-0.65944934
GLY259,259,-0.32316375
VAL260,260,-0.13103819
LEU261,261,0.52679217
SER262,262,0.053398132
ALA263,263,0.5345166
GLY264,264,0.047308207
ILE265,265,0.03469014
ASN266,266,-0.00095939636
ALA267,267,0.013638198
ALA268,268,0.009484053
SER269,269,0.02696991
PRO270,270,-0.010746717
ASN271,271,0.07597494
LYS272,272,0.04541391
GLU273,273,-0.02275312
LEU274,274,0.0032258034
ALA275,275,-0.0100287795
LYS276,276,0.014622867
GLU277,277,-0.013005674
PHE278,278,-0.0048280954
LEU279,279,0.0025882125
GLU280,280,0.017739177
ASN281,281,-0.034320623
TYR282,282,0.011734664
LEU283,283,-0.005402565
LEU284,284,0.045981526
THR285,285,0.019376397
ASP286,286,-0.029568076
GLU287,287,0.017850995
GLY288,288,-0.039410233
LEU289,289,0.043120384
GLU290,290,-0.012664199
ALA291,291,0.011563718
VAL292,292,-0.039985597
ASN293,293,-0.036659837
LYS294,294,0.03509122
ASP295,295,0.12824759
LYS296,296,0.04182291
PRO297,297,-0.2521932
LEU298,298,-0.83424246
GLY299,299,0.037579123
ALA300,300,-0.42186618
VAL301,301,-0.11458492
ALA302,302,-0.015654206
LEU303,303,-0.06200242
LYS304,304,0.052032113
SER305,305,-0.0044816732
TYR306,306,0.10447216
GLU307,307,-0.0051327944
GLU308,308,0.13093293
GLU309,309,-0.004404187
LEU310,310,-0.32441026
ALA311,311,-0.06075704
LYS312,312,-0.39690888
ASP313,313,-0.08178544
PRO314,314,0.044152856
ARG315,315,-0.016929507
ILE316,316,-0.03640133
ALA317,317,0.02759415
ALA318,318,0.02483809
THR319,319,-0.03442335
MET320,320,-0.16760677
GLU321,321,-0.02912283
ASN322,322,-0.0065888762
ALA323,323,-0.08647829
GLN324,324,-0.0021597147
LYS325,325,0.12402153
GLY326,326,0.090420485
GLU327,327,0.12312138
ILE328,328,0.07505548
MET329,329,0.023837566
PRO330,330,-0.049917698
ASN331,331,-0.26963997
ILE332,332,-0.22310972
PRO333,333,0.06752634
GLN334,334,-0.036414504
MET335,335,0.049948692
SER336,336,-0.008598626
ALA337,337,0.005152881
PHE338,338,0.03321004
TRP339,339,0.02880752
TYR340,340,-0.010643363
ALA341,341,0.0061218143
VAL342,342,0.013214409
ARG343,343,0.016357541
THR344,344,-0.0129134655
ALA345,345,0.012596786
VAL346,346,0.0013818145
ILE347,347,-0.008471727
ASN348,348,0.012385488
ALA349,349,0.0076042414
ALA350,350,-0.019212425
SER351,351,0.009582043
GLY352,352,0.0025894642
ARG353,353,0.036637902
GLN354,354,-0.051405907
THR355,355,-0.030592442
VAL356,356,0.06322366
ASP357,357,-0.08148885
GLU358,358,0.09573376
ALA359,359,-0.057845592
LEU360,360,0.03679186
LYS361,361,-0.010185957
ASP362,362,0.015167654
ALA363,363,0.01665622
GLN364,364,0.024863482
THR365,365,0.03868729
ARG366,366,0.04144305
ILE367,367,0.14664459
