residue identified,residue number,dDIHE
ILE2,2,-2.249524061
GLU3,3,-0.770945136
GLU4,4,-1.016144946
GLY5,5,0.364008307
LYS6,6,0.051458478
LEU7,7,-0.02999568
VAL8,8,0.056472301
ILE9,9,-0.058819294
TRP10,10,0.085429192
ILE11,11,0.007980943
ASN12,12,0.027711391
GLY13,13,-0.066511631
ASP14,14,0.016278744
LYS15,15,-0.007842779
GLY16,16,0.133780956
TYR17,17,-0.01857239
ASN18,18,0.05249697
GLY19,19,-0.003459454
LEU20,20,-0.047414303
ALA21,21,0.003466129
GLU22,22,-0.027478993
VAL23,23,-0.055248082
GLY24,24,0.170577109
LYS25,25,-0.161679268
LYS26,26,0.201641619
PHE27,27,-0.289622605
GLU28,28,-0.082269073
LYS29,29,0.147152781
ASP30,30,-0.140090585
THR31,31,0.200793266
GLY32,32,-0.24181366
ILE33,33,-0.149615765
LYS34,34,0.132772684
VAL35,35,-0.063920736
THR36,36,0.106949806
VAL37,37,0.155424118
GLU38,38,-0.104313612
HIS39,39,-0.035612106
PRO40,40,-0.257421732
ASP41,41,0.269797668
LYS42,42,-0.1846838
LEU43,43,-0.021551967
GLU44,44,-0.101421356
GLU45,45,0.078039229
LYS46,46,-0.012720227
PHE47,47,-0.065618455
PRO48,48,0.078926504
GLN49,49,-0.127714664
VAL50,50,0.024818778
ALA51,51,0.018629909
ALA52,52,0.150785029
THR53,53,-0.027898192
GLY54,54,-0.322633386
ASP55,55,0.322188973
GLY56,56,0.176258057
PRO57,57,-0.098123312
ASP58,58,0.041256726
ILE59,59,0.021303654
ILE60,60,-0.12451148
PHE61,61,0.024160862
TRP62,62,-0.090788484
ALA63,63,0.119002581
HIS64,64,0.17307353
ASP65,65,-0.047596693
ARG66,66,0.083800316
PHE67,67,-0.133379459
GLY68,68,0.069320858
GLY69,69,-0.023826361
TYR70,70,0.022729695
ALA71,71,-0.160652101
GLN72,72,0.10033977
SER73,73,-0.053281307
GLY74,74,-0.064287663
LEU75,75,-0.073961735
LEU76,76,-0.023860455
ALA77,77,-0.005337119
GLU78,78,-0.067843437
ILE79,79,0.156594515
THR80,80,-0.008774281
PRO81,81,-0.03754425
ASP82,82,-0.05610323
LYS83,83,0.068860769
ALA84,84,-0.144535542
PHE85,85,-0.047082722
GLN86,86,0.100225568
ASP87,87,-0.102673292
LYS88,88,0.167955875
LEU89,89,-0.230616093
TYR90,90,-0.091884136
PRO91,91,0.053287268
PHE92,92,-0.111594558
THR93,93,-0.169678986
TRP94,94,-0.108917594
ASP95,95,0.019121289
ALA96,96,0.007374883
VAL97,97,-0.014534473
ARG98,98,-0.106388807
TYR99,99,0.26817593
ASN100,100,-0.205072403
GLY101,101,-0.042582393
LYS102,102,0.165545702
LEU103,103,0.067011118
ILE104,104,0.024174318
ALA105,105,0.022912383
TYR106,106,-0.143536568
PRO107,107,0.099066496
ILE108,108,-0.232226454
ALA109,109,0.390458345
VAL110,110,0.166864634
GLU111,111,0.139382839
ALA112,112,-0.373743773
LEU113,113,0.007581472
SER114,114,-0.090897918
LEU115,115,0.003231525
ILE116,116,0.051054716
TYR117,117,-0.018781185
ASN118,118,0.030747414
LYS119,119,-0.028613806
ASP120,120,-0.007758975
LEU121,121,-0.352436036
LEU122,122,-0.256012265
PRO123,123,0.539437711
ASN124,124,-0.345935106
PRO125,125,-0.080641508
PRO126,126,0.004969597
LYS127,127,0.039468169
THR128,128,0.032747269
TRP129,129,-0.028728485
GLU130,130,0.002375007
GLU131,131,0.021499515
ILE132,132,-0.01963371
PRO133,133,0.008611441
ALA134,134,0.051825583
LEU135,135,-0.09830153
ASP136,136,0.143359601
LYS137,137,-0.079712331
GLU138,138,-0.006113052
LEU139,139,0.00081861
LYS140,140,-0.163850069
ALA141,141,0.17988205
LYS142,142,-0.028041363
GLY143,143,-0.216201425
LYS144,144,0.098841429
SER145,145,-0.005186319
ALA146,146,0.010431994
LEU147,147,-0.090808392
MET148,148,0.048352718
PHE149,149,0.026401758
ASN150,150,-0.022930384
LEU151,151,-0.027399182
GLN152,152,0.116410077
GLU153,153,-0.128620148
PRO154,154,0.026798129
TYR155,155,0.135596931
PHE156,156,-0.018270433
THR157,157,0.018407226
TRP158,158,-0.022497773
PRO159,159,0.101374984
LEU160,160,-0.011790395
ILE161,161,0.035225272
ALA162,162,-0.114753962
ALA163,163,-0.113928974
ASP164,164,-0.249000609
GLY165,165,0.193573952
GLY166,166,0.198958874
TYR167,167,-0.142168045
ALA168,168,-0.052433439
PHE169,169,-0.138879895
LYS170,170,0.466863632
TYR171,171,0.456318617
GLU172,172,-0.704769403
ASN173,173,0.542926073
GLY174,174,-0.653784513
LYS175,175,0.724340916
TYR176,176,0.04494381
ASP177,177,0.004246473
ILE178,178,-0.070526898
LYS179,179,-0.03153491
ASP180,180,-0.01114893
VAL181,181,0.015524149
GLY182,182,0.149452806
VAL183,183,-0.174829721
ASP184,184,0.048744082
ASN185,185,0.23591578
ALA186,186,-0.219058692
GLY187,187,0.186453342
ALA188,188,-0.124663413
LYS189,189,0.006321013
ALA190,190,0.050433218
GLY191,191,-0.048439205
LEU192,192,0.018791974
THR193,193,0.02919209
PHE194,194,-0.01083529
LEU195,195,-0.018820226
VAL196,196,0.021805286
ASP197,197,-0.003488183
LEU198,198,-0.066012144
ILE199,199,0.167988062
LYS200,200,-0.122713566
ASN201,201,0.182567716
LYS202,202,-0.05606246
HIS203,203,-0.128757566
MET204,204,0.067572355
ASN205,205,-0.007758617
ALA206,206,-0.016316056
ASP207,207,0.007841587
THR208,208,0.041436434
ASP209,209,-0.021295071
TYR210,210,-0.046315968
SER211,211,-0.011468649
ILE212,212,0.014971495
ALA213,213,-0.065132141
GLU214,214,7.99E-06
ALA215,215,0.040848732
ALA216,216,-0.103209913
PHE217,217,0.045988679
ASN218,218,-0.054125905
LYS219,219,0.122659445
GLY220,220,-0.091939926
GLU221,221,0.045813203
THR222,222,-0.055527925
ALA223,223,-0.051925391
MET224,224,-0.031732384
THR225,225,-0.008753777
ILE226,226,0.056229353
ASN227,227,0.182504773
GLY228,228,-0.052663684
PRO229,229,0.013128281
TRP230,230,0.030128598
ALA231,231,-0.03417778
TRP232,232,0.091537237
SER233,233,-0.146581411
ASN234,234,0.113943517
ILE235,235,-0.134667814
ASP236,236,0.088608742
THR237,237,-0.199817598
SER238,238,-0.057053089
LYS239,239,0.22157836
VAL240,240,0.14266181
ASN241,241,-0.06964159
TYR242,242,0.047913313
GLY243,243,-0.018102884
VAL244,244,-0.063654184
THR245,245,0.032128155
VAL246,246,0.020752311
LEU247,247,-0.059897304
PRO248,248,0.063970923
THR249,249,0.012536287
PHE250,250,0.002354808
LYS251,251,-0.015738487
GLY252,252,-0.116324425
GLN253,253,0.110651612
PRO254,254,-0.064935327
SER255,255,-0.087657452
LYS256,256,0.302777767
PRO257,257,-0.225561976
PHE258,258,0.055813074
VAL259,259,0.045855045
GLY260,260,0.15327692
VAL261,261,0.029210567
LEU262,262,-0.046442747
SER263,263,-0.007847786
ALA264,264,0.103477001
GLY265,265,0.038516521
ILE266,266,-0.075557113
ASN267,267,-0.026962996
ALA268,268,0.072432697
ALA269,269,-0.043769836
SER270,270,-0.095907688
PRO271,271,0.056434631
ASN272,272,-0.051743507
LYS273,273,-0.061455131
GLU274,274,-0.036599517
LEU275,275,0.013142407
ALA276,276,-0.015798688
LYS277,277,0.059244215
GLU278,278,0.008907259
PHE279,279,-0.008236349
LEU280,280,-0.072938323
GLU281,281,0.042210907
ASN282,282,-0.041378647
TYR283,283,-0.097213328
LEU284,284,0.070372701
LEU285,285,-0.07234633
THR286,286,0.012182713
ASP287,287,0.028550565
GLU288,288,-0.073555768
GLY289,289,0.116305172
LEU290,290,-0.040149152
GLU291,291,0.081850052
ALA292,292,-0.008073449
VAL293,293,0.013543606
ASN294,294,-0.04648
LYS295,295,0.047024846
ASP296,296,-0.011880934
LYS297,297,-0.073922992
PRO298,298,0.137281656
LEU299,299,0.169260979
GLY300,300,-0.123213966
ALA301,301,0.143652439
VAL302,302,-0.082545519
ALA303,303,0.043074727
LEU304,304,-0.040581226
LYS305,305,-0.003574371
SER306,306,-0.006860018
TYR307,307,-0.026610613
GLU308,308,0.059805989
GLU309,309,-0.101885319
GLU310,310,0.360476792
LEU311,311,-0.392453253
ALA312,312,-0.037495732
LYS313,313,0.58657968
ASP314,314,0.100171089
PRO315,315,-0.062862754
ARG316,316,0.009397089
ILE317,317,0.044143438
ALA318,318,-0.026551068
ALA319,319,0.016019285
THR320,320,0.035622895
MET321,321,-0.003168106
GLU322,322,-0.018108368
ASN323,323,0.005729198
ALA324,324,-0.020109057
GLN325,325,0.083641171
LYS326,326,-0.373713851
GLY327,327,-0.29124403
GLU328,328,0.154777527
ILE329,329,0.022194147
MET330,330,-0.019292593
PRO331,331,-0.001420975
ASN332,332,0.42282784
ILE333,333,0.090080619
PRO334,334,-0.011856079
GLN335,335,0.075145602
MET336,336,-0.152936757
SER337,337,-0.071827531
ALA338,338,-0.02453506
PHE339,339,-0.095019758
TRP340,340,0.122600198
TYR341,341,0.02963984
ALA342,342,0.060887337
VAL343,343,-0.025138497
ARG344,344,0.023997247
THR345,345,-0.002010703
ALA346,346,-0.033836126
VAL347,347,0.005487442
ILE348,348,-0.028191984
ASN349,349,0.00720042
ALA350,350,-0.085808098
ALA351,351,0.081043124
SER352,352,-0.096995592
GLY353,353,0.008856297
ARG354,354,0.147287562
GLN355,355,-0.088818073
THR356,356,0.044573665
VAL357,357,0.02252537
ASP358,358,0.044287205
GLU359,359,-0.041546941
ALA360,360,0.066300869
LEU361,361,-0.044448674
LYS362,362,0.008714557
ASP363,363,0.054413319
ALA364,364,-0.014516532
GLN365,365,-0.115032017
THR366,366,0.071364284
ARG367,367,-0.073179781
ILE368,368,0.027961433
